{
  "_format": "hh-sol-cache-2",
  "files": {
    "C:\\Users\\USER\\Desktop\\swisstronik\\swisstronik-tutorials-main\\Contract_deployment _hardhat\\contracts\\Hello_swtr.sol": {
      "lastModificationDate": 1721673331541,
      "contentHash": "611d2ff9c7aa338a2a612d2549849e7b",
      "sourceName": "contracts/Hello_swtr.sol",
      "solcConfig": {
        "version": "0.8.19",
        "settings": {
          "optimizer": {
            "enabled": false,
            "runs": 200
          },
          "outputSelection": {
            "*": {
              "*": [
                "abi",
                "evm.bytecode",
                "evm.deployedBytecode",
                "evm.methodIdentifiers",
                "metadata"
              ],
              "": [
                "ast"
              ]
            }
          }
        }
      },
      "imports": [],
      "versionPragmas": [
        "^0.8.19"
      ],
      "artifacts": [
        "Swisstronik"
      ]
    }
  }
}
